MySQL Shell 8.0.44

Copyright (c) 2016, 2025, Oracle and/or its affiliates.
Oracle is a registered trademark of Oracle Corporation and/or its affiliates.
Other names may be trademarks of their respective owners.

Type '\help' or '\?' for help; '\quit' to exit.
 MySQL  JS > \sql
Switching to SQL mode... Commands end with ;
 MySQL  SQL > \c sai@localhost
Creating a session to 'sai@localhost'
Please provide the password for 'sai@localhost': *******
Save password for 'sai@localhost'? [Y]es/[N]o/Ne[v]er (default No): n
Fetching global names for auto-completion... Press ^C to stop.
Error during auto-completion cache update: Access denied; you need (at least one of) the PROCESS privilege(s) for this operation
Your MySQL connection id is 93 (X protocol)
Server version: 8.0.44 MySQL Community Server - GPL
No default schema selected; type \use <schema> to set one.
 MySQL  localhost:33060+ ssl  SQL > showdatabases;
ERROR: 1064: You have an error in your SQL syntax; check the manual that corresponds to your MySQL server version for the right syntax to use near 'showdatabases' at line 1
 MySQL  localhost:33060+ ssl  SQL > show databases;
+--------------------+
| Database           |
+--------------------+
| information_schema |
| performance_schema |
+--------------------+
2 rows in set (0.0017 sec)
 MySQL  localhost:33060+ ssl  SQL > show databases;
+--------------------+
| Database           |
+--------------------+
| demodb             |
| information_schema |
| performance_schema |
+--------------------+
3 rows in set (0.0017 sec)
 MySQL  localhost:33060+ ssl  SQL > use demodb;
Default schema set to `demodb`.
Fetching global names, object names from `demodb` for auto-completion... Press ^C to stop.
Error during auto-completion cache update: Access denied; you need (at least one of) the PROCESS privilege(s) for this operation
 MySQL  localhost:33060+ ssl  demodb  SQL > show tables;
+------------------+
| Tables_in_demodb |
+------------------+
| bank             |
| courses          |
| customer         |
| department       |
| emp              |
| employee         |
| hr               |
| new_view         |
| office           |
| orders           |
| pa               |
| payment          |
| products         |
| salary           |
| students         |
| subpa            |
| subprof          |
| subskill         |
| trigger1         |
| trigger2         |
| vinay            |
+------------------+
21 rows in set (0.0024 sec)
 MySQL  localhost:33060+ ssl  demodb  SQL > select * from bank;
+----+---------+--------+
| id | name    | amount |
+----+---------+--------+
|  1 | sai     |   1000 |
|  2 | mohan   |   2000 |
|  3 | venkat  |   3000 |
|  4 | naga    |   4000 |
|  5 | venkata |   5000 |
+----+---------+--------+
5 rows in set (0.0080 sec)
 MySQL  localhost:33060+ ssl  demodb  SQL > insert into bank values(6,'vinay',6000);
ERROR: 1142: INSERT command denied to user 'sai'@'localhost' for table 'bank'
 MySQL  localhost:33060+ ssl  demodb  SQL > select * from bank;
+----+---------+--------+
| id | name    | amount |
+----+---------+--------+
|  1 | sai     |   1000 |
|  2 | mohan   |   2000 |
|  3 | venkat  |   3000 |
|  4 | naga    |   4000 |
|  5 | venkata |   5000 |
+----+---------+--------+
5 rows in set (0.0009 sec)
 MySQL  localhost:33060+ ssl  demodb  SQL > insert into bank values(6,'vinay',6000);
ERROR: 1142: INSERT command denied to user 'sai'@'localhost' for table 'bank'
 MySQL  localhost:33060+ ssl  demodb  SQL > use demodb;
Default schema set to `demodb`.
Fetching global names, object names from `demodb` for auto-completion... Press ^C to stop.
Error during auto-completion cache update: Access denied; you need (at least one of) the PROCESS privilege(s) for this operation
 MySQL  localhost:33060+ ssl  demodb  SQL > select * from bank;
+----+---------+--------+
| id | name    | amount |
+----+---------+--------+
|  1 | sai     |   1000 |
|  2 | mohan   |   2000 |
|  3 | venkat  |   3000 |
|  4 | naga    |   4000 |
|  5 | venkata |   5000 |
+----+---------+--------+
5 rows in set (0.0009 sec)
 MySQL  localhost:33060+ ssl  demodb  SQL > insert into bank values(6,'vinay',6000);
Query OK, 1 row affected (0.0156 sec)
 MySQL  localhost:33060+ ssl  demodb  SQL > select * from bank;
+----+---------+--------+
| id | name    | amount |
+----+---------+--------+
|  1 | sai     |   1000 |
|  2 | mohan   |   2000 |
|  3 | venkat  |   3000 |
|  4 | naga    |   4000 |
|  5 | venkata |   5000 |
|  6 | vinay   |   6000 |
+----+---------+--------+
6 rows in set (0.0011 sec)
 MySQL  localhost:33060+ ssl  demodb  SQL > select * from bank;
+----+---------+--------+
| id | name    | amount |
+----+---------+--------+
|  1 | sai     |   1000 |
|  2 | mohan   |   2000 |
|  3 | venkat  |   3000 |
|  4 | naga    |   4000 |
|  5 | venkata |   5000 |
+----+---------+--------+
5 rows in set (0.0008 sec)
 MySQL  localhost:33060+ ssl  demodb  SQL > use demodb;
Default schema set to `demodb`.
Fetching global names, object names from `demodb` for auto-completion... Press ^C to stop.
Error during auto-completion cache update: Access denied; you need (at least one of) the PROCESS privilege(s) for this operation
 MySQL  localhost:33060+ ssl  demodb  SQL > update bank set amount = 50000 where id = 5;
Query OK, 1 row affected (0.0079 sec)

Rows matched: 1  Changed: 1  Warnings: 0
 MySQL  localhost:33060+ ssl  demodb  SQL > select * from bank;
+----+---------+--------+
| id | name    | amount |
+----+---------+--------+
|  1 | sai     |   1000 |
|  2 | mohan   |   2000 |
|  3 | venkat  |   3000 |
|  4 | naga    |   4000 |
|  5 | venkata |  50000 |
+----+---------+--------+
5 rows in set (0.0009 sec)
 MySQL  localhost:33060+ ssl  demodb  SQL > delete from bank where id = 5;
Query OK, 1 row affected (0.0092 sec)
 MySQL  localhost:33060+ ssl  demodb  SQL > select * from bank;
+----+--------+--------+
| id | name   | amount |
+----+--------+--------+
|  1 | sai    |   1000 |
|  2 | mohan  |   2000 |
|  3 | venkat |   3000 |
|  4 | naga   |   4000 |
+----+--------+--------+
4 rows in set (0.0008 sec)
 MySQL  localhost:33060+ ssl  demodb  SQL > use deomodb;
MySQL Error 1044: Access denied for user 'sai'@'localhost' to database 'deomodb'
 MySQL  localhost:33060+ ssl  demodb  SQL > use demodb;
Default schema set to `demodb`.
Fetching global names, object names from `demodb` for auto-completion... Press ^C to stop.
Error during auto-completion cache update: Access denied; you need (at least one of) the PROCESS privilege(s) for this operation
 MySQL  localhost:33060+ ssl  demodb  SQL > delete from bank where id = 4;
ERROR: 1142: DELETE command denied to user 'sai'@'localhost' for table 'bank'
 MySQL  localhost:33060+ ssl  demodb  SQL > use demodb;
MySQL Error 1044: Access denied for user 'sai'@'localhost' to database 'demodb'
 MySQL  localhost:33060+ ssl  demodb  SQL > show tables;
+------------------+
| Tables_in_demodb |
+------------------+
| bank             |
| courses          |
| customer         |
| department       |
| emp              |
| employee         |
| hr               |
| new_view         |
| office           |
| orders           |
| pa               |
| payment          |
| products         |
| salary           |
| students         |
| subpa            |
| subprof          |
| subskill         |
| trigger1         |
| trigger2         |
| vinay            |
+------------------+
21 rows in set (0.0017 sec)
 MySQL  localhost:33060+ ssl  demodb  SQL > show databses;
ERROR: 1064: You have an error in your SQL syntax; check the manual that corresponds to your MySQL server version for the right syntax to use near 'databses' at line 1
 MySQL  localhost:33060+ ssl  demodb  SQL > show databases;
+--------------------+
| Database           |
+--------------------+
| information_schema |
| performance_schema |
+--------------------+
2 rows in set (0.0017 sec)
 MySQL  localhost:33060+ ssl  demodb  SQL > select * from bank;
+----+--------+--------+
| id | name   | amount |
+----+--------+--------+
|  1 | sai    |   1000 |
|  2 | mohan  |   2000 |
|  3 | venkat |   3000 |
|  4 | naga   |   4000 |
+----+--------+--------+
4 rows in set (0.0008 sec)
 MySQL  localhost:33060+ ssl  demodb  SQL > select * from bank;
+----+--------+--------+
| id | name   | amount |
+----+--------+--------+
|  1 | sai    |   1000 |
|  2 | mohan  |   2000 |
|  3 | venkat |   3000 |
|  4 | naga   |   4000 |
+----+--------+--------+
4 rows in set (0.0010 sec)
 MySQL  localhost:33060+ ssl  demodb  SQL > show databses;
ERROR: 1064: You have an error in your SQL syntax; check the manual that corresponds to your MySQL server version for the right syntax to use near 'databses' at line 1
 MySQL  localhost:33060+ ssl  demodb  SQL >